email,last_name,first_name,sooner_idQuynh.T.Vu-1@ou.edu,Vu,Quynh,112891073Jesse.Garcia-1@ou.edu,Garcia,Jesse,112185837Melanie.L.Ellis-1@ou.edu,Ellis,Melanie,112334566Emma.G.Will-1@ou.edu,Will,Emma,113443763Ichigo.Kurosaki-1@ou.edu,Kurosaki,Ichigo,ichigo